{
    "train_loss": [
        0.1035755940748424,
        0.04378753926259715,
        0.03414385753433879,
        0.02947266803136686,
        0.0315420640241809,
        0.027293955701153453,
        0.02615320176976483,
        0.028181860437480416,
        0.024774455561325317,
        0.023521288548119183
    ],
    "train_acc": [
        0.968780517578125,
        0.9838048815727234,
        0.9900487661361694,
        0.9914146065711975,
        0.9898536801338196,
        0.9908292889595032,
        0.9919999837875366,
        0.9906341433525085,
        0.9916097521781921,
        0.9933658242225647
    ],
    "val_loss": [
        0.07023134901872109,
        0.06631541432212555,
        0.052962910365375176,
        0.054005567479470246,
        0.04831971487717276,
        0.03782283275255135,
        0.03877875408114389,
        0.038460045873475235,
        0.03809817252600213,
        0.03675119707552697
    ],
    "val_acc": [
        0.9817276000976562,
        0.9767441749572754,
        0.9800664186477661,
        0.9800664186477661,
        0.9800664186477661,
        0.9867109656333923,
        0.985049843788147,
        0.9900332093238831,
        0.9833887219429016,
        0.9900332093238831
    ]
}