{
    "train_loss": [
        0.1291041282658309,
        0.06428531973912135,
        0.05651562275902706,
        0.05180564306827103,
        0.0493252834225903,
        0.05196465778871327,
        0.046909050277282,
        0.05074056087097804,
        0.05198108149635331,
        0.04347544500432764,
        0.05021056378603397,
        0.0456177573367539,
        0.04190234909530717,
        0.051106911703354956,
        0.04725971216003588,
        0.04280677393128454,
        0.043341632673670014,
        0.03999156740850509,
        0.03925471571935372,
        0.04772460691461475
    ],
    "train_acc": [
        0.9573777318000793,
        0.9794330596923828,
        0.9801772832870483,
        0.9819362759590149,
        0.9837629199028015,
        0.9830187559127808,
        0.984507143497467,
        0.9833570122718811,
        0.9815303683280945,
        0.9843718409538269,
        0.9827481508255005,
        0.9853866696357727,
        0.9860631823539734,
        0.9816656708717346,
        0.9840335845947266,
        0.9859955310821533,
        0.9860631823539734,
        0.986875057220459,
        0.9872133135795593,
        0.984439492225647
    ],
    "val_loss": [
        0.06912785350283938,
        0.06960767676503138,
        0.051753471573796006,
        0.05181616476536597,
        0.0456911977063677,
        0.046448884623559845,
        0.043113966663776364,
        0.048547255646700246,
        0.042395038394961164,
        0.04364252688255425,
        0.047615456891805734,
        0.041401395243318116,
        0.04797732754659343,
        0.054816619189617645,
        0.05934787533595394,
        0.05791817361014213,
        0.04281148158004226,
        0.04026408151884206,
        0.04148909320884572,
        0.039979178318915606
    ],
    "val_acc": [
        0.9798754453659058,
        0.9765213131904602,
        0.9817920327186584,
        0.9817920327186584,
        0.9846670031547546,
        0.9832295179367065,
        0.9846670031547546,
        0.9832295179367065,
        0.9846670031547546,
        0.9837086796760559,
        0.9841878414154053,
        0.9856253266334534,
        0.9822711944580078,
        0.9808337092399597,
        0.9803545475006104,
        0.9779587984085083,
        0.9837086796760559,
        0.985146164894104,
        0.987541913986206,
        0.9885002374649048
    ]
}